slug,restaurant_name,instagram_handle,instagram_url,demo_url,wallet_url,mockup,video,message
anatolie-durum,Anatolie Durum,anatoliedurum,https://www.instagram.com/anatoliedurum/,https://app.cartefidelavis.com/anatolie-durum/demo/,https://app.cartefidelavis.com/anatolie-durum/,,,"Bonjour Anatolie Durum 👋

J'ai préparé une démonstration personnalisée du programme de fidélité Fidelavis pour votre établissement (la vidéo ci-dessus 👆).

Le principe est simple :
• Vos clients scannent un QR code ou une carte NFC
• Ils reçoivent immédiatement une récompense exclusive
• Ils reviennent plus souvent — sans appli à télécharger

🎁 Voir l'aperçu live du wallet : https://app.cartefidelavis.com/anatolie-durum/demo/

Si ça vous parle, on peut en discuter en 10 minutes ✨

— L'équipe Fidelavis"
anima,Anima,anima.paris,https://www.instagram.com/anima.paris/,https://app.cartefidelavis.com/anima/demo/,https://app.cartefidelavis.com/anima/,,,"Bonjour Anima 👋

J'ai préparé une démonstration personnalisée du programme de fidélité Fidelavis pour votre établissement (la vidéo ci-dessus 👆).

Le principe est simple :
• Vos clients scannent un QR code ou une carte NFC
• Ils reçoivent immédiatement une récompense exclusive
• Ils reviennent plus souvent — sans appli à télécharger

🎁 Voir l'aperçu live du wallet : https://app.cartefidelavis.com/anima/demo/

Si ça vous parle, on peut en discuter en 10 minutes ✨

— L'équipe Fidelavis"
april-cafe-coffee-shop-cafe-poussette-paris-10eme,April cafe - coffee shop - café poussette - Paris 10eme,aprilcafeparis_,https://www.instagram.com/aprilcafeparis_/,https://app.cartefidelavis.com/april-cafe-coffee-shop-cafe-poussette-paris-10eme/demo/,https://app.cartefidelavis.com/april-cafe-coffee-shop-cafe-poussette-paris-10eme/,,,"Bonjour April cafe - coffee shop - café poussette - Paris 10eme 👋

J'ai préparé une démonstration personnalisée du programme de fidélité Fidelavis pour votre établissement (la vidéo ci-dessus 👆).

Le principe est simple :
• Vos clients scannent un QR code ou une carte NFC
• Ils reçoivent immédiatement une récompense exclusive
• Ils reviennent plus souvent — sans appli à télécharger

🎁 Voir l'aperçu live du wallet : https://app.cartefidelavis.com/april-cafe-coffee-shop-cafe-poussette-paris-10eme/demo/

Si ça vous parle, on peut en discuter en 10 minutes ✨

— L'équipe Fidelavis"
asko,Asko,asko.restaurant,https://www.instagram.com/asko.restaurant/,https://app.cartefidelavis.com/asko/demo/,https://app.cartefidelavis.com/asko/,mockups/asko-iphone.png,,"Bonjour Asko 👋

J'ai préparé une démonstration personnalisée du programme de fidélité Fidelavis pour votre établissement (la vidéo ci-dessus 👆).

Le principe est simple :
• Vos clients scannent un QR code ou une carte NFC
• Ils reçoivent immédiatement une récompense exclusive
• Ils reviennent plus souvent — sans appli à télécharger

🎁 Voir l'aperçu live du wallet : https://app.cartefidelavis.com/asko/demo/

Si ça vous parle, on peut en discuter en 10 minutes ✨

— L'équipe Fidelavis"
au-pere-louis,Au Père Louis,auperelouis6,https://www.instagram.com/auperelouis6/,https://app.cartefidelavis.com/au-pere-louis/demo/,https://app.cartefidelavis.com/au-pere-louis/,,,"Bonjour Au Père Louis 👋

J'ai préparé une démonstration personnalisée du programme de fidélité Fidelavis pour votre établissement (la vidéo ci-dessus 👆).

Le principe est simple :
• Vos clients scannent un QR code ou une carte NFC
• Ils reçoivent immédiatement une récompense exclusive
• Ils reviennent plus souvent — sans appli à télécharger

🎁 Voir l'aperçu live du wallet : https://app.cartefidelavis.com/au-pere-louis/demo/

Si ça vous parle, on peut en discuter en 10 minutes ✨

— L'équipe Fidelavis"
aux-cerises,Aux Cerises,restaurant_aux_cerises,https://www.instagram.com/restaurant_aux_cerises/,https://app.cartefidelavis.com/aux-cerises/demo/,https://app.cartefidelavis.com/aux-cerises/,,,"Bonjour Aux Cerises 👋

J'ai préparé une démonstration personnalisée du programme de fidélité Fidelavis pour votre établissement (la vidéo ci-dessus 👆).

Le principe est simple :
• Vos clients scannent un QR code ou une carte NFC
• Ils reçoivent immédiatement une récompense exclusive
• Ils reviennent plus souvent — sans appli à télécharger

🎁 Voir l'aperçu live du wallet : https://app.cartefidelavis.com/aux-cerises/demo/

Si ça vous parle, on peut en discuter en 10 minutes ✨

— L'équipe Fidelavis"
aux-deux-ecus-brasserie,Aux Deux Ecus - Brasserie,auxdeuxecus,https://www.instagram.com/auxdeuxecus/,https://app.cartefidelavis.com/aux-deux-ecus-brasserie/demo/,https://app.cartefidelavis.com/aux-deux-ecus-brasserie/,mockups/aux-deux-ecus-brasserie-iphone.png,,"Bonjour Aux Deux Ecus - Brasserie 👋

J'ai préparé une démonstration personnalisée du programme de fidélité Fidelavis pour votre établissement (la vidéo ci-dessus 👆).

Le principe est simple :
• Vos clients scannent un QR code ou une carte NFC
• Ils reçoivent immédiatement une récompense exclusive
• Ils reviennent plus souvent — sans appli à télécharger

🎁 Voir l'aperçu live du wallet : https://app.cartefidelavis.com/aux-deux-ecus-brasserie/demo/

Si ça vous parle, on peut en discuter en 10 minutes ✨

— L'équipe Fidelavis"
bacini,Bacini,bacini_pigalle,https://www.instagram.com/bacini_pigalle/,https://app.cartefidelavis.com/bacini/demo/,https://app.cartefidelavis.com/bacini/,mockups/bacini-iphone.png,,"Bonjour Bacini 👋

J'ai préparé une démonstration personnalisée du programme de fidélité Fidelavis pour votre établissement (la vidéo ci-dessus 👆).

Le principe est simple :
• Vos clients scannent un QR code ou une carte NFC
• Ils reçoivent immédiatement une récompense exclusive
• Ils reviennent plus souvent — sans appli à télécharger

🎁 Voir l'aperçu live du wallet : https://app.cartefidelavis.com/bacini/demo/

Si ça vous parle, on peut en discuter en 10 minutes ✨

— L'équipe Fidelavis"
bistrot-la-grange,Bistrot La Grange,lagrangeparis17,https://www.instagram.com/lagrangeparis17/,https://app.cartefidelavis.com/bistrot-la-grange/demo/,https://app.cartefidelavis.com/bistrot-la-grange/,,,"Bonjour Bistrot La Grange 👋

J'ai préparé une démonstration personnalisée du programme de fidélité Fidelavis pour votre établissement (la vidéo ci-dessus 👆).

Le principe est simple :
• Vos clients scannent un QR code ou une carte NFC
• Ils reçoivent immédiatement une récompense exclusive
• Ils reviennent plus souvent — sans appli à télécharger

🎁 Voir l'aperçu live du wallet : https://app.cartefidelavis.com/bistrot-la-grange/demo/

Si ça vous parle, on peut en discuter en 10 minutes ✨

— L'équipe Fidelavis"
bistrot-mon-cafe,Bistrot Mon café,bistrotmoncafe,https://www.instagram.com/bistrotmoncafe/,https://app.cartefidelavis.com/bistrot-mon-cafe/demo/,https://app.cartefidelavis.com/bistrot-mon-cafe/,mockups/bistrot-mon-cafe-iphone.png,,"Bonjour Bistrot Mon café 👋

J'ai préparé une démonstration personnalisée du programme de fidélité Fidelavis pour votre établissement (la vidéo ci-dessus 👆).

Le principe est simple :
• Vos clients scannent un QR code ou une carte NFC
• Ils reçoivent immédiatement une récompense exclusive
• Ils reviennent plus souvent — sans appli à télécharger

🎁 Voir l'aperçu live du wallet : https://app.cartefidelavis.com/bistrot-mon-cafe/demo/

Si ça vous parle, on peut en discuter en 10 minutes ✨

— L'équipe Fidelavis"
black-beans-paris,Black Beans Paris,blackbeansparis,https://www.instagram.com/blackbeansparis/,https://app.cartefidelavis.com/black-beans-paris/demo/,https://app.cartefidelavis.com/black-beans-paris/,,,"Bonjour Black Beans Paris 👋

J'ai préparé une démonstration personnalisée du programme de fidélité Fidelavis pour votre établissement (la vidéo ci-dessus 👆).

Le principe est simple :
• Vos clients scannent un QR code ou une carte NFC
• Ils reçoivent immédiatement une récompense exclusive
• Ils reviennent plus souvent — sans appli à télécharger

🎁 Voir l'aperçu live du wallet : https://app.cartefidelavis.com/black-beans-paris/demo/

Si ça vous parle, on peut en discuter en 10 minutes ✨

— L'équipe Fidelavis"
bon-jo,Bon Jo,bonjo_paris,https://www.instagram.com/bonjo_paris/,https://app.cartefidelavis.com/bon-jo/demo/,https://app.cartefidelavis.com/bon-jo/,,,"Bonjour Bon Jo 👋

J'ai préparé une démonstration personnalisée du programme de fidélité Fidelavis pour votre établissement (la vidéo ci-dessus 👆).

Le principe est simple :
• Vos clients scannent un QR code ou une carte NFC
• Ils reçoivent immédiatement une récompense exclusive
• Ils reviennent plus souvent — sans appli à télécharger

🎁 Voir l'aperçu live du wallet : https://app.cartefidelavis.com/bon-jo/demo/

Si ça vous parle, on peut en discuter en 10 minutes ✨

— L'équipe Fidelavis"
brasserie-baroche,Brasserie Baroche,davidbarocheparis,https://www.instagram.com/davidbarocheparis/,https://app.cartefidelavis.com/brasserie-baroche/demo/,https://app.cartefidelavis.com/brasserie-baroche/,,,"Bonjour Brasserie Baroche 👋

J'ai préparé une démonstration personnalisée du programme de fidélité Fidelavis pour votre établissement (la vidéo ci-dessus 👆).

Le principe est simple :
• Vos clients scannent un QR code ou une carte NFC
• Ils reçoivent immédiatement une récompense exclusive
• Ils reviennent plus souvent — sans appli à télécharger

🎁 Voir l'aperçu live du wallet : https://app.cartefidelavis.com/brasserie-baroche/demo/

Si ça vous parle, on peut en discuter en 10 minutes ✨

— L'équipe Fidelavis"
brother-sister-brunch-lunch-dinner,BROTHER SISTER Brunch Lunch Dinner,brothersister_paris,https://www.instagram.com/brothersister_paris/,https://app.cartefidelavis.com/brother-sister-brunch-lunch-dinner/demo/,https://app.cartefidelavis.com/brother-sister-brunch-lunch-dinner/,mockups/brother-sister-brunch-lunch-dinner-iphone.png,,"Bonjour BROTHER SISTER Brunch Lunch Dinner 👋

J'ai préparé une démonstration personnalisée du programme de fidélité Fidelavis pour votre établissement (la vidéo ci-dessus 👆).

Le principe est simple :
• Vos clients scannent un QR code ou une carte NFC
• Ils reçoivent immédiatement une récompense exclusive
• Ils reviennent plus souvent — sans appli à télécharger

🎁 Voir l'aperçu live du wallet : https://app.cartefidelavis.com/brother-sister-brunch-lunch-dinner/demo/

Si ça vous parle, on peut en discuter en 10 minutes ✨

— L'équipe Fidelavis"
caducee-cafe-et-restaurant,CADUCÉE Café et Restaurant,caducee.cafe,https://www.instagram.com/caducee.cafe/,https://app.cartefidelavis.com/caducee-cafe-et-restaurant/demo/,https://app.cartefidelavis.com/caducee-cafe-et-restaurant/,,,"Bonjour CADUCÉE Café et Restaurant 👋

J'ai préparé une démonstration personnalisée du programme de fidélité Fidelavis pour votre établissement (la vidéo ci-dessus 👆).

Le principe est simple :
• Vos clients scannent un QR code ou une carte NFC
• Ils reçoivent immédiatement une récompense exclusive
• Ils reviennent plus souvent — sans appli à télécharger

🎁 Voir l'aperçu live du wallet : https://app.cartefidelavis.com/caducee-cafe-et-restaurant/demo/

Si ça vous parle, on peut en discuter en 10 minutes ✨

— L'équipe Fidelavis"
cafe-d-auteur-specialty-coffee-shop-roaster,Café d’Auteur - Specialty Coffee shop & roaster,cafedauteur,https://www.instagram.com/cafedauteur/,https://app.cartefidelavis.com/cafe-d-auteur-specialty-coffee-shop-roaster/demo/,https://app.cartefidelavis.com/cafe-d-auteur-specialty-coffee-shop-roaster/,,,"Bonjour Café d’Auteur - Specialty Coffee shop & roaster 👋

J'ai préparé une démonstration personnalisée du programme de fidélité Fidelavis pour votre établissement (la vidéo ci-dessus 👆).

Le principe est simple :
• Vos clients scannent un QR code ou une carte NFC
• Ils reçoivent immédiatement une récompense exclusive
• Ils reviennent plus souvent — sans appli à télécharger

🎁 Voir l'aperçu live du wallet : https://app.cartefidelavis.com/cafe-d-auteur-specialty-coffee-shop-roaster/demo/

Si ça vous parle, on peut en discuter en 10 minutes ✨

— L'équipe Fidelavis"
cafe-ella,Café Ella,cafe.ella.officiel,https://www.instagram.com/cafe.ella.officiel/,https://app.cartefidelavis.com/cafe-ella/demo/,https://app.cartefidelavis.com/cafe-ella/,,,"Bonjour Café Ella 👋

J'ai préparé une démonstration personnalisée du programme de fidélité Fidelavis pour votre établissement (la vidéo ci-dessus 👆).

Le principe est simple :
• Vos clients scannent un QR code ou une carte NFC
• Ils reçoivent immédiatement une récompense exclusive
• Ils reviennent plus souvent — sans appli à télécharger

🎁 Voir l'aperçu live du wallet : https://app.cartefidelavis.com/cafe-ella/demo/

Si ça vous parle, on peut en discuter en 10 minutes ✨

— L'équipe Fidelavis"
cafe-fluo-paris,Café Fluo Paris,fluo.paris,https://www.instagram.com/fluo.paris/,https://app.cartefidelavis.com/cafe-fluo-paris/demo/,https://app.cartefidelavis.com/cafe-fluo-paris/,,,"Bonjour Café Fluo Paris 👋

J'ai préparé une démonstration personnalisée du programme de fidélité Fidelavis pour votre établissement (la vidéo ci-dessus 👆).

Le principe est simple :
• Vos clients scannent un QR code ou une carte NFC
• Ils reçoivent immédiatement une récompense exclusive
• Ils reviennent plus souvent — sans appli à télécharger

🎁 Voir l'aperçu live du wallet : https://app.cartefidelavis.com/cafe-fluo-paris/demo/

Si ça vous parle, on peut en discuter en 10 minutes ✨

— L'équipe Fidelavis"
cafe-petite,Café Petite,cafepetiteparis,https://www.instagram.com/cafepetiteparis/,https://app.cartefidelavis.com/cafe-petite/demo/,https://app.cartefidelavis.com/cafe-petite/,mockups/cafe-petite-iphone.png,,"Bonjour Café Petite 👋

J'ai préparé une démonstration personnalisée du programme de fidélité Fidelavis pour votre établissement (la vidéo ci-dessus 👆).

Le principe est simple :
• Vos clients scannent un QR code ou une carte NFC
• Ils reçoivent immédiatement une récompense exclusive
• Ils reviennent plus souvent — sans appli à télécharger

🎁 Voir l'aperçu live du wallet : https://app.cartefidelavis.com/cafe-petite/demo/

Si ça vous parle, on peut en discuter en 10 minutes ✨

— L'équipe Fidelavis"
casa-loca,Casa Loca,casa.loca.paris,https://www.instagram.com/casa.loca.paris/,https://app.cartefidelavis.com/casa-loca/demo/,https://app.cartefidelavis.com/casa-loca/,mockups/casa-loca-iphone.png,,"Bonjour Casa Loca 👋

J'ai préparé une démonstration personnalisée du programme de fidélité Fidelavis pour votre établissement (la vidéo ci-dessus 👆).

Le principe est simple :
• Vos clients scannent un QR code ou une carte NFC
• Ils reçoivent immédiatement une récompense exclusive
• Ils reviennent plus souvent — sans appli à télécharger

🎁 Voir l'aperçu live du wallet : https://app.cartefidelavis.com/casa-loca/demo/

Si ça vous parle, on peut en discuter en 10 minutes ✨

— L'équipe Fidelavis"
caua-coffee,CAUA Coffee,cauacoffee,https://www.instagram.com/cauacoffee/,https://app.cartefidelavis.com/caua-coffee/demo/,https://app.cartefidelavis.com/caua-coffee/,,,"Bonjour CAUA Coffee 👋

J'ai préparé une démonstration personnalisée du programme de fidélité Fidelavis pour votre établissement (la vidéo ci-dessus 👆).

Le principe est simple :
• Vos clients scannent un QR code ou une carte NFC
• Ils reçoivent immédiatement une récompense exclusive
• Ils reviennent plus souvent — sans appli à télécharger

🎁 Voir l'aperçu live du wallet : https://app.cartefidelavis.com/caua-coffee/demo/

Si ça vous parle, on peut en discuter en 10 minutes ✨

— L'équipe Fidelavis"
cavalier,Cavalier.,cavalier.paris,https://www.instagram.com/cavalier.paris/,https://app.cartefidelavis.com/cavalier/demo/,https://app.cartefidelavis.com/cavalier/,,,"Bonjour Cavalier. 👋

J'ai préparé une démonstration personnalisée du programme de fidélité Fidelavis pour votre établissement (la vidéo ci-dessus 👆).

Le principe est simple :
• Vos clients scannent un QR code ou une carte NFC
• Ils reçoivent immédiatement une récompense exclusive
• Ils reviennent plus souvent — sans appli à télécharger

🎁 Voir l'aperçu live du wallet : https://app.cartefidelavis.com/cavalier/demo/

Si ça vous parle, on peut en discuter en 10 minutes ✨

— L'équipe Fidelavis"
chez-carrie,Chez Carrie,chez_carrie,https://www.instagram.com/chez_carrie/,https://app.cartefidelavis.com/chez-carrie/demo/,https://app.cartefidelavis.com/chez-carrie/,,,"Bonjour Chez Carrie 👋

J'ai préparé une démonstration personnalisée du programme de fidélité Fidelavis pour votre établissement (la vidéo ci-dessus 👆).

Le principe est simple :
• Vos clients scannent un QR code ou une carte NFC
• Ils reçoivent immédiatement une récompense exclusive
• Ils reviennent plus souvent — sans appli à télécharger

🎁 Voir l'aperçu live du wallet : https://app.cartefidelavis.com/chez-carrie/demo/

Si ça vous parle, on peut en discuter en 10 minutes ✨

— L'équipe Fidelavis"
chez-troquette,Chez Troquette,cheztroquette,https://www.instagram.com/cheztroquette/,https://app.cartefidelavis.com/chez-troquette/demo/,https://app.cartefidelavis.com/chez-troquette/,,,"Bonjour Chez Troquette 👋

J'ai préparé une démonstration personnalisée du programme de fidélité Fidelavis pour votre établissement (la vidéo ci-dessus 👆).

Le principe est simple :
• Vos clients scannent un QR code ou une carte NFC
• Ils reçoivent immédiatement une récompense exclusive
• Ils reviennent plus souvent — sans appli à télécharger

🎁 Voir l'aperçu live du wallet : https://app.cartefidelavis.com/chez-troquette/demo/

Si ça vous parle, on peut en discuter en 10 minutes ✨

— L'équipe Fidelavis"
chez-yvette,Chez Yvette,chezyvette_,https://www.instagram.com/chezyvette_/,https://app.cartefidelavis.com/chez-yvette/demo/,https://app.cartefidelavis.com/chez-yvette/,,,"Bonjour Chez Yvette 👋

J'ai préparé une démonstration personnalisée du programme de fidélité Fidelavis pour votre établissement (la vidéo ci-dessus 👆).

Le principe est simple :
• Vos clients scannent un QR code ou une carte NFC
• Ils reçoivent immédiatement une récompense exclusive
• Ils reviennent plus souvent — sans appli à télécharger

🎁 Voir l'aperçu live du wallet : https://app.cartefidelavis.com/chez-yvette/demo/

Si ça vous parle, on peut en discuter en 10 minutes ✨

— L'équipe Fidelavis"
chokdee-cafe,CHOKDEE café,chokdeecafe,https://www.instagram.com/chokdeecafe/,https://app.cartefidelavis.com/chokdee-cafe/demo/,https://app.cartefidelavis.com/chokdee-cafe/,mockups/chokdee-cafe-iphone.png,,"Bonjour CHOKDEE café 👋

J'ai préparé une démonstration personnalisée du programme de fidélité Fidelavis pour votre établissement (la vidéo ci-dessus 👆).

Le principe est simple :
• Vos clients scannent un QR code ou une carte NFC
• Ils reçoivent immédiatement une récompense exclusive
• Ils reviennent plus souvent — sans appli à télécharger

🎁 Voir l'aperçu live du wallet : https://app.cartefidelavis.com/chokdee-cafe/demo/

Si ça vous parle, on peut en discuter en 10 minutes ✨

— L'équipe Fidelavis"
coco-de-mer,Coco de Mer,cocodemer.paris,https://www.instagram.com/cocodemer.paris/,https://app.cartefidelavis.com/coco-de-mer/demo/,https://app.cartefidelavis.com/coco-de-mer/,,,"Bonjour Coco de Mer 👋

J'ai préparé une démonstration personnalisée du programme de fidélité Fidelavis pour votre établissement (la vidéo ci-dessus 👆).

Le principe est simple :
• Vos clients scannent un QR code ou une carte NFC
• Ils reçoivent immédiatement une récompense exclusive
• Ils reviennent plus souvent — sans appli à télécharger

🎁 Voir l'aperçu live du wallet : https://app.cartefidelavis.com/coco-de-mer/demo/

Si ça vous parle, on peut en discuter en 10 minutes ✨

— L'équipe Fidelavis"
datil,Datil,datil.restaurant,https://www.instagram.com/datil.restaurant/,https://app.cartefidelavis.com/datil/demo/,https://app.cartefidelavis.com/datil/,,,"Bonjour Datil 👋

J'ai préparé une démonstration personnalisée du programme de fidélité Fidelavis pour votre établissement (la vidéo ci-dessus 👆).

Le principe est simple :
• Vos clients scannent un QR code ou une carte NFC
• Ils reçoivent immédiatement une récompense exclusive
• Ils reviennent plus souvent — sans appli à télécharger

🎁 Voir l'aperçu live du wallet : https://app.cartefidelavis.com/datil/demo/

Si ça vous parle, on peut en discuter en 10 minutes ✨

— L'équipe Fidelavis"
delta-restaurant-paris-6,DELTA - Restaurant Paris 6,delta_paris_6,https://www.instagram.com/delta_paris_6/,https://app.cartefidelavis.com/delta-restaurant-paris-6/demo/,https://app.cartefidelavis.com/delta-restaurant-paris-6/,,,"Bonjour DELTA - Restaurant Paris 6 👋

J'ai préparé une démonstration personnalisée du programme de fidélité Fidelavis pour votre établissement (la vidéo ci-dessus 👆).

Le principe est simple :
• Vos clients scannent un QR code ou une carte NFC
• Ils reçoivent immédiatement une récompense exclusive
• Ils reviennent plus souvent — sans appli à télécharger

🎁 Voir l'aperçu live du wallet : https://app.cartefidelavis.com/delta-restaurant-paris-6/demo/

Si ça vous parle, on peut en discuter en 10 minutes ✨

— L'équipe Fidelavis"
deux-restaurant-bistrot-de-chefs,Deux Restaurant : Bistrot de chefs,deux.ptitdeux,https://www.instagram.com/deux.ptitdeux/,https://app.cartefidelavis.com/deux-restaurant-bistrot-de-chefs/demo/,https://app.cartefidelavis.com/deux-restaurant-bistrot-de-chefs/,mockups/deux-restaurant-bistrot-de-chefs-iphone.png,,"Bonjour Deux Restaurant : Bistrot de chefs 👋

J'ai préparé une démonstration personnalisée du programme de fidélité Fidelavis pour votre établissement (la vidéo ci-dessus 👆).

Le principe est simple :
• Vos clients scannent un QR code ou une carte NFC
• Ils reçoivent immédiatement une récompense exclusive
• Ils reviennent plus souvent — sans appli à télécharger

🎁 Voir l'aperçu live du wallet : https://app.cartefidelavis.com/deux-restaurant-bistrot-de-chefs/demo/

Si ça vous parle, on peut en discuter en 10 minutes ✨

— L'équipe Fidelavis"
frappe-par-bloom,Frappé par Bloom,bloomevenement,https://www.instagram.com/bloomevenement/,https://app.cartefidelavis.com/frappe-par-bloom/demo/,https://app.cartefidelavis.com/frappe-par-bloom/,,,"Bonjour Frappé par Bloom 👋

J'ai préparé une démonstration personnalisée du programme de fidélité Fidelavis pour votre établissement (la vidéo ci-dessus 👆).

Le principe est simple :
• Vos clients scannent un QR code ou une carte NFC
• Ils reçoivent immédiatement une récompense exclusive
• Ils reviennent plus souvent — sans appli à télécharger

🎁 Voir l'aperçu live du wallet : https://app.cartefidelavis.com/frappe-par-bloom/demo/

Si ça vous parle, on peut en discuter en 10 minutes ✨

— L'équipe Fidelavis"
frnchlovebread,Frnchlovebread,frnchlovebread,https://www.instagram.com/frnchlovebread/,https://app.cartefidelavis.com/frnchlovebread/demo/,https://app.cartefidelavis.com/frnchlovebread/,,,"Bonjour Frnchlovebread 👋

J'ai préparé une démonstration personnalisée du programme de fidélité Fidelavis pour votre établissement (la vidéo ci-dessus 👆).

Le principe est simple :
• Vos clients scannent un QR code ou une carte NFC
• Ils reçoivent immédiatement une récompense exclusive
• Ils reviennent plus souvent — sans appli à télécharger

🎁 Voir l'aperçu live du wallet : https://app.cartefidelavis.com/frnchlovebread/demo/

Si ça vous parle, on peut en discuter en 10 minutes ✨

— L'équipe Fidelavis"
fuero,Fuero,fuero_paris,https://www.instagram.com/fuero_paris/,https://app.cartefidelavis.com/fuero/demo/,https://app.cartefidelavis.com/fuero/,,,"Bonjour Fuero 👋

J'ai préparé une démonstration personnalisée du programme de fidélité Fidelavis pour votre établissement (la vidéo ci-dessus 👆).

Le principe est simple :
• Vos clients scannent un QR code ou une carte NFC
• Ils reçoivent immédiatement une récompense exclusive
• Ils reviennent plus souvent — sans appli à télécharger

🎁 Voir l'aperçu live du wallet : https://app.cartefidelavis.com/fuero/demo/

Si ça vous parle, on peut en discuter en 10 minutes ✨

— L'équipe Fidelavis"
gosier,GOSIER,gosier.paris,https://www.instagram.com/gosier.paris/,https://app.cartefidelavis.com/gosier/demo/,https://app.cartefidelavis.com/gosier/,,,"Bonjour GOSIER 👋

J'ai préparé une démonstration personnalisée du programme de fidélité Fidelavis pour votre établissement (la vidéo ci-dessus 👆).

Le principe est simple :
• Vos clients scannent un QR code ou une carte NFC
• Ils reçoivent immédiatement une récompense exclusive
• Ils reviennent plus souvent — sans appli à télécharger

🎁 Voir l'aperçu live du wallet : https://app.cartefidelavis.com/gosier/demo/

Si ça vous parle, on peut en discuter en 10 minutes ✨

— L'équipe Fidelavis"
green-deli,Green Deli,greendeliparis,https://www.instagram.com/greendeliparis/,https://app.cartefidelavis.com/green-deli/demo/,https://app.cartefidelavis.com/green-deli/,mockups/green-deli-iphone.png,,"Bonjour Green Deli 👋

J'ai préparé une démonstration personnalisée du programme de fidélité Fidelavis pour votre établissement (la vidéo ci-dessus 👆).

Le principe est simple :
• Vos clients scannent un QR code ou une carte NFC
• Ils reçoivent immédiatement une récompense exclusive
• Ils reviennent plus souvent — sans appli à télécharger

🎁 Voir l'aperçu live du wallet : https://app.cartefidelavis.com/green-deli/demo/

Si ça vous parle, on peut en discuter en 10 minutes ✨

— L'équipe Fidelavis"
green-farmer-s-paris-11,Green Farmer's Paris 11,greenfarmers_vegan,https://www.instagram.com/greenfarmers_vegan/,https://app.cartefidelavis.com/green-farmer-s-paris-11/demo/,https://app.cartefidelavis.com/green-farmer-s-paris-11/,,,"Bonjour Green Farmer's Paris 11 👋

J'ai préparé une démonstration personnalisée du programme de fidélité Fidelavis pour votre établissement (la vidéo ci-dessus 👆).

Le principe est simple :
• Vos clients scannent un QR code ou une carte NFC
• Ils reçoivent immédiatement une récompense exclusive
• Ils reviennent plus souvent — sans appli à télécharger

🎁 Voir l'aperçu live du wallet : https://app.cartefidelavis.com/green-farmer-s-paris-11/demo/

Si ça vous parle, on peut en discuter en 10 minutes ✨

— L'équipe Fidelavis"
hutong-paris,Hutong Paris 胡同巴黎,hutong.paris,https://www.instagram.com/hutong.paris/,https://app.cartefidelavis.com/hutong-paris/demo/,https://app.cartefidelavis.com/hutong-paris/,,,"Bonjour Hutong Paris 胡同巴黎 👋

J'ai préparé une démonstration personnalisée du programme de fidélité Fidelavis pour votre établissement (la vidéo ci-dessus 👆).

Le principe est simple :
• Vos clients scannent un QR code ou une carte NFC
• Ils reçoivent immédiatement une récompense exclusive
• Ils reviennent plus souvent — sans appli à télécharger

🎁 Voir l'aperçu live du wallet : https://app.cartefidelavis.com/hutong-paris/demo/

Si ça vous parle, on peut en discuter en 10 minutes ✨

— L'équipe Fidelavis"
inavoue,inavoué,inavoue_restaurant,https://www.instagram.com/inavoue_restaurant/,https://app.cartefidelavis.com/inavoue/demo/,https://app.cartefidelavis.com/inavoue/,mockups/inavoue-iphone.png,,"Bonjour inavoué 👋

J'ai préparé une démonstration personnalisée du programme de fidélité Fidelavis pour votre établissement (la vidéo ci-dessus 👆).

Le principe est simple :
• Vos clients scannent un QR code ou une carte NFC
• Ils reçoivent immédiatement une récompense exclusive
• Ils reviennent plus souvent — sans appli à télécharger

🎁 Voir l'aperçu live du wallet : https://app.cartefidelavis.com/inavoue/demo/

Si ça vous parle, on peut en discuter en 10 minutes ✨

— L'équipe Fidelavis"
isana-paris,ISANA PARIS,ISANAPARIS,https://www.instagram.com/ISANAPARIS/,https://app.cartefidelavis.com/isana-paris/demo/,https://app.cartefidelavis.com/isana-paris/,,,"Bonjour ISANA PARIS 👋

J'ai préparé une démonstration personnalisée du programme de fidélité Fidelavis pour votre établissement (la vidéo ci-dessus 👆).

Le principe est simple :
• Vos clients scannent un QR code ou une carte NFC
• Ils reçoivent immédiatement une récompense exclusive
• Ils reviennent plus souvent — sans appli à télécharger

🎁 Voir l'aperçu live du wallet : https://app.cartefidelavis.com/isana-paris/demo/

Si ça vous parle, on peut en discuter en 10 minutes ✨

— L'équipe Fidelavis"
jim-s-corner,Jim's Corner,jimscornerparis,https://www.instagram.com/jimscornerparis/,https://app.cartefidelavis.com/jim-s-corner/demo/,https://app.cartefidelavis.com/jim-s-corner/,,,"Bonjour Jim's Corner 👋

J'ai préparé une démonstration personnalisée du programme de fidélité Fidelavis pour votre établissement (la vidéo ci-dessus 👆).

Le principe est simple :
• Vos clients scannent un QR code ou une carte NFC
• Ils reçoivent immédiatement une récompense exclusive
• Ils reviennent plus souvent — sans appli à télécharger

🎁 Voir l'aperçu live du wallet : https://app.cartefidelavis.com/jim-s-corner/demo/

Si ça vous parle, on peut en discuter en 10 minutes ✨

— L'équipe Fidelavis"
jj-beaumarchais,JJ Beaumarchais,jjbeaumarchais,https://www.instagram.com/jjbeaumarchais/,https://app.cartefidelavis.com/jj-beaumarchais/demo/,https://app.cartefidelavis.com/jj-beaumarchais/,mockups/jj-beaumarchais-iphone.png,,"Bonjour JJ Beaumarchais 👋

J'ai préparé une démonstration personnalisée du programme de fidélité Fidelavis pour votre établissement (la vidéo ci-dessus 👆).

Le principe est simple :
• Vos clients scannent un QR code ou une carte NFC
• Ils reçoivent immédiatement une récompense exclusive
• Ils reviennent plus souvent — sans appli à télécharger

🎁 Voir l'aperçu live du wallet : https://app.cartefidelavis.com/jj-beaumarchais/demo/

Si ça vous parle, on peut en discuter en 10 minutes ✨

— L'équipe Fidelavis"
jolia,Jolia,jolia.paris,https://www.instagram.com/jolia.paris/,https://app.cartefidelavis.com/jolia/demo/,https://app.cartefidelavis.com/jolia/,mockups/jolia-iphone.png,dm_videos/jolia-dm.mp4,"Bonjour Jolia 👋

J'ai préparé une démonstration personnalisée du programme de fidélité Fidelavis pour votre établissement (la vidéo ci-dessus 👆).

Le principe est simple :
• Vos clients scannent un QR code ou une carte NFC
• Ils reçoivent immédiatement une récompense exclusive
• Ils reviennent plus souvent — sans appli à télécharger

🎁 Voir l'aperçu live du wallet : https://app.cartefidelavis.com/jolia/demo/

Si ça vous parle, on peut en discuter en 10 minutes ✨

— L'équipe Fidelavis"
jules-cafe-restaurant-paris-5,Jules Café Restaurant (Paris 5),jules_cafe_restaurant,https://www.instagram.com/jules_cafe_restaurant/,https://app.cartefidelavis.com/jules-cafe-restaurant-paris-5/demo/,https://app.cartefidelavis.com/jules-cafe-restaurant-paris-5/,,,"Bonjour Jules Café Restaurant (Paris 5) 👋

J'ai préparé une démonstration personnalisée du programme de fidélité Fidelavis pour votre établissement (la vidéo ci-dessus 👆).

Le principe est simple :
• Vos clients scannent un QR code ou une carte NFC
• Ils reçoivent immédiatement une récompense exclusive
• Ils reviennent plus souvent — sans appli à télécharger

🎁 Voir l'aperçu live du wallet : https://app.cartefidelavis.com/jules-cafe-restaurant-paris-5/demo/

Si ça vous parle, on peut en discuter en 10 minutes ✨

— L'équipe Fidelavis"
kafkaf-paris-11,Kafkaf - Paris 11,kafkaf.fr,https://www.instagram.com/kafkaf.fr/,https://app.cartefidelavis.com/kafkaf-paris-11/demo/,https://app.cartefidelavis.com/kafkaf-paris-11/,mockups/kafkaf-paris-11-iphone.png,,"Bonjour Kafkaf - Paris 11 👋

J'ai préparé une démonstration personnalisée du programme de fidélité Fidelavis pour votre établissement (la vidéo ci-dessus 👆).

Le principe est simple :
• Vos clients scannent un QR code ou une carte NFC
• Ils reçoivent immédiatement une récompense exclusive
• Ils reviennent plus souvent — sans appli à télécharger

🎁 Voir l'aperçu live du wallet : https://app.cartefidelavis.com/kafkaf-paris-11/demo/

Si ça vous parle, on peut en discuter en 10 minutes ✨

— L'équipe Fidelavis"
kape-cafe-philippin,KAPÉ - Café philippin,kapeparis,https://www.instagram.com/kapeparis/,https://app.cartefidelavis.com/kape-cafe-philippin/demo/,https://app.cartefidelavis.com/kape-cafe-philippin/,,,"Bonjour KAPÉ - Café philippin 👋

J'ai préparé une démonstration personnalisée du programme de fidélité Fidelavis pour votre établissement (la vidéo ci-dessus 👆).

Le principe est simple :
• Vos clients scannent un QR code ou une carte NFC
• Ils reçoivent immédiatement une récompense exclusive
• Ils reviennent plus souvent — sans appli à télécharger

🎁 Voir l'aperçu live du wallet : https://app.cartefidelavis.com/kape-cafe-philippin/demo/

Si ça vous parle, on peut en discuter en 10 minutes ✨

— L'équipe Fidelavis"
kow-paris-restaurant-cambodgien,KOW Paris - Restaurant Cambodgien,kowclub,https://www.instagram.com/kowclub/,https://app.cartefidelavis.com/kow-paris-restaurant-cambodgien/demo/,https://app.cartefidelavis.com/kow-paris-restaurant-cambodgien/,,,"Bonjour KOW Paris - Restaurant Cambodgien 👋

J'ai préparé une démonstration personnalisée du programme de fidélité Fidelavis pour votre établissement (la vidéo ci-dessus 👆).

Le principe est simple :
• Vos clients scannent un QR code ou une carte NFC
• Ils reçoivent immédiatement une récompense exclusive
• Ils reviennent plus souvent — sans appli à télécharger

🎁 Voir l'aperçu live du wallet : https://app.cartefidelavis.com/kow-paris-restaurant-cambodgien/demo/

Si ça vous parle, on peut en discuter en 10 minutes ✨

— L'équipe Fidelavis"
kraft,KRAFT,kraft.paris,https://www.instagram.com/kraft.paris/,https://app.cartefidelavis.com/kraft/demo/,https://app.cartefidelavis.com/kraft/,mockups/kraft-iphone.png,,"Bonjour KRAFT 👋

J'ai préparé une démonstration personnalisée du programme de fidélité Fidelavis pour votre établissement (la vidéo ci-dessus 👆).

Le principe est simple :
• Vos clients scannent un QR code ou une carte NFC
• Ils reçoivent immédiatement une récompense exclusive
• Ils reviennent plus souvent — sans appli à télécharger

🎁 Voir l'aperçu live du wallet : https://app.cartefidelavis.com/kraft/demo/

Si ça vous parle, on peut en discuter en 10 minutes ✨

— L'équipe Fidelavis"
kraft-la-bonne-table,Kraft - La Bonne Table,kraft.paris,https://www.instagram.com/kraft.paris/,https://app.cartefidelavis.com/kraft-la-bonne-table/demo/,https://app.cartefidelavis.com/kraft-la-bonne-table/,,,"Bonjour Kraft - La Bonne Table 👋

J'ai préparé une démonstration personnalisée du programme de fidélité Fidelavis pour votre établissement (la vidéo ci-dessus 👆).

Le principe est simple :
• Vos clients scannent un QR code ou une carte NFC
• Ils reçoivent immédiatement une récompense exclusive
• Ils reviennent plus souvent — sans appli à télécharger

🎁 Voir l'aperçu live du wallet : https://app.cartefidelavis.com/kraft-la-bonne-table/demo/

Si ça vous parle, on peut en discuter en 10 minutes ✨

— L'équipe Fidelavis"
kuisinistan-restaurant-paris-2,Kuisinistan - Restaurant Paris 2,kuisinistann,https://www.instagram.com/kuisinistann/,https://app.cartefidelavis.com/kuisinistan-restaurant-paris-2/demo/,https://app.cartefidelavis.com/kuisinistan-restaurant-paris-2/,mockups/kuisinistan-restaurant-paris-2-iphone.png,,"Bonjour Kuisinistan - Restaurant Paris 2 👋

J'ai préparé une démonstration personnalisée du programme de fidélité Fidelavis pour votre établissement (la vidéo ci-dessus 👆).

Le principe est simple :
• Vos clients scannent un QR code ou une carte NFC
• Ils reçoivent immédiatement une récompense exclusive
• Ils reviennent plus souvent — sans appli à télécharger

🎁 Voir l'aperçu live du wallet : https://app.cartefidelavis.com/kuisinistan-restaurant-paris-2/demo/

Si ça vous parle, on peut en discuter en 10 minutes ✨

— L'équipe Fidelavis"
l-adada-bar-bar-paris-14,L'Adada Bar - Bar Paris 14,adadabar,https://www.instagram.com/adadabar/,https://app.cartefidelavis.com/l-adada-bar-bar-paris-14/demo/,https://app.cartefidelavis.com/l-adada-bar-bar-paris-14/,mockups/l-adada-bar-bar-paris-14-iphone.png,,"Bonjour L'Adada Bar - Bar Paris 14 👋

J'ai préparé une démonstration personnalisée du programme de fidélité Fidelavis pour votre établissement (la vidéo ci-dessus 👆).

Le principe est simple :
• Vos clients scannent un QR code ou une carte NFC
• Ils reçoivent immédiatement une récompense exclusive
• Ils reviennent plus souvent — sans appli à télécharger

🎁 Voir l'aperçu live du wallet : https://app.cartefidelavis.com/l-adada-bar-bar-paris-14/demo/

Si ça vous parle, on peut en discuter en 10 minutes ✨

— L'équipe Fidelavis"
l-arbre-a-cannelle,L'Arbre à Cannelle,larbreacannelle,https://www.instagram.com/larbreacannelle/,https://app.cartefidelavis.com/l-arbre-a-cannelle/demo/,https://app.cartefidelavis.com/l-arbre-a-cannelle/,,,"Bonjour L'Arbre à Cannelle 👋

J'ai préparé une démonstration personnalisée du programme de fidélité Fidelavis pour votre établissement (la vidéo ci-dessus 👆).

Le principe est simple :
• Vos clients scannent un QR code ou une carte NFC
• Ils reçoivent immédiatement une récompense exclusive
• Ils reviennent plus souvent — sans appli à télécharger

🎁 Voir l'aperçu live du wallet : https://app.cartefidelavis.com/l-arbre-a-cannelle/demo/

Si ça vous parle, on peut en discuter en 10 minutes ✨

— L'équipe Fidelavis"
l-atelier-du-marche,L'Atelier du Marché,latelierdumarche,https://www.instagram.com/latelierdumarche/,https://app.cartefidelavis.com/l-atelier-du-marche/demo/,https://app.cartefidelavis.com/l-atelier-du-marche/,mockups/l-atelier-du-marche-iphone.png,,"Bonjour L'Atelier du Marché 👋

J'ai préparé une démonstration personnalisée du programme de fidélité Fidelavis pour votre établissement (la vidéo ci-dessus 👆).

Le principe est simple :
• Vos clients scannent un QR code ou une carte NFC
• Ils reçoivent immédiatement une récompense exclusive
• Ils reviennent plus souvent — sans appli à télécharger

🎁 Voir l'aperçu live du wallet : https://app.cartefidelavis.com/l-atelier-du-marche/demo/

Si ça vous parle, on peut en discuter en 10 minutes ✨

— L'équipe Fidelavis"
l-atelier-gusto,L'atelier Gusto,lateliergusto,https://www.instagram.com/lateliergusto/,https://app.cartefidelavis.com/l-atelier-gusto/demo/,https://app.cartefidelavis.com/l-atelier-gusto/,mockups/l-atelier-gusto-iphone.png,,"Bonjour L'atelier Gusto 👋

J'ai préparé une démonstration personnalisée du programme de fidélité Fidelavis pour votre établissement (la vidéo ci-dessus 👆).

Le principe est simple :
• Vos clients scannent un QR code ou une carte NFC
• Ils reçoivent immédiatement une récompense exclusive
• Ils reviennent plus souvent — sans appli à télécharger

🎁 Voir l'aperçu live du wallet : https://app.cartefidelavis.com/l-atelier-gusto/demo/

Si ça vous parle, on peut en discuter en 10 minutes ✨

— L'équipe Fidelavis"
la-balle-au-bond-la-peniche,La Balle au Bond - La Péniche,laballeaubondpeniche,https://www.instagram.com/laballeaubondpeniche/,https://app.cartefidelavis.com/la-balle-au-bond-la-peniche/demo/,https://app.cartefidelavis.com/la-balle-au-bond-la-peniche/,,,"Bonjour La Balle au Bond - La Péniche 👋

J'ai préparé une démonstration personnalisée du programme de fidélité Fidelavis pour votre établissement (la vidéo ci-dessus 👆).

Le principe est simple :
• Vos clients scannent un QR code ou une carte NFC
• Ils reçoivent immédiatement une récompense exclusive
• Ils reviennent plus souvent — sans appli à télécharger

🎁 Voir l'aperçu live du wallet : https://app.cartefidelavis.com/la-balle-au-bond-la-peniche/demo/

Si ça vous parle, on peut en discuter en 10 minutes ✨

— L'équipe Fidelavis"
la-cantine-de-chez-chris,La Cantine de Chez Chris,lacantinedechezchris,https://www.instagram.com/lacantinedechezchris/,https://app.cartefidelavis.com/la-cantine-de-chez-chris/demo/,https://app.cartefidelavis.com/la-cantine-de-chez-chris/,,,"Bonjour La Cantine de Chez Chris 👋

J'ai préparé une démonstration personnalisée du programme de fidélité Fidelavis pour votre établissement (la vidéo ci-dessus 👆).

Le principe est simple :
• Vos clients scannent un QR code ou une carte NFC
• Ils reçoivent immédiatement une récompense exclusive
• Ils reviennent plus souvent — sans appli à télécharger

🎁 Voir l'aperçu live du wallet : https://app.cartefidelavis.com/la-cantine-de-chez-chris/demo/

Si ça vous parle, on peut en discuter en 10 minutes ✨

— L'équipe Fidelavis"
la-fee-verte,La Fée Verte,lafeeverte75,https://www.instagram.com/lafeeverte75/,https://app.cartefidelavis.com/la-fee-verte/demo/,https://app.cartefidelavis.com/la-fee-verte/,,,"Bonjour La Fée Verte 👋

J'ai préparé une démonstration personnalisée du programme de fidélité Fidelavis pour votre établissement (la vidéo ci-dessus 👆).

Le principe est simple :
• Vos clients scannent un QR code ou une carte NFC
• Ils reçoivent immédiatement une récompense exclusive
• Ils reviennent plus souvent — sans appli à télécharger

🎁 Voir l'aperçu live du wallet : https://app.cartefidelavis.com/la-fee-verte/demo/

Si ça vous parle, on peut en discuter en 10 minutes ✨

— L'équipe Fidelavis"
la-magie-de-paris,La Magie de Paris,lamagiedeparis7,https://www.instagram.com/lamagiedeparis7/,https://app.cartefidelavis.com/la-magie-de-paris/demo/,https://app.cartefidelavis.com/la-magie-de-paris/,,,"Bonjour La Magie de Paris 👋

J'ai préparé une démonstration personnalisée du programme de fidélité Fidelavis pour votre établissement (la vidéo ci-dessus 👆).

Le principe est simple :
• Vos clients scannent un QR code ou une carte NFC
• Ils reçoivent immédiatement une récompense exclusive
• Ils reviennent plus souvent — sans appli à télécharger

🎁 Voir l'aperçu live du wallet : https://app.cartefidelavis.com/la-magie-de-paris/demo/

Si ça vous parle, on peut en discuter en 10 minutes ✨

— L'équipe Fidelavis"
la-truffiere,La Truffière,latruffiereparis,https://www.instagram.com/latruffiereparis/,https://app.cartefidelavis.com/la-truffiere/demo/,https://app.cartefidelavis.com/la-truffiere/,,,"Bonjour La Truffière 👋

J'ai préparé une démonstration personnalisée du programme de fidélité Fidelavis pour votre établissement (la vidéo ci-dessus 👆).

Le principe est simple :
• Vos clients scannent un QR code ou une carte NFC
• Ils reçoivent immédiatement une récompense exclusive
• Ils reviennent plus souvent — sans appli à télécharger

🎁 Voir l'aperçu live du wallet : https://app.cartefidelavis.com/la-truffiere/demo/

Si ça vous parle, on peut en discuter en 10 minutes ✨

— L'équipe Fidelavis"
le-50-voltaire,Le 50 Voltaire,le50voltaire,https://www.instagram.com/le50voltaire/,https://app.cartefidelavis.com/le-50-voltaire/demo/,https://app.cartefidelavis.com/le-50-voltaire/,,,"Bonjour Le 50 Voltaire 👋

J'ai préparé une démonstration personnalisée du programme de fidélité Fidelavis pour votre établissement (la vidéo ci-dessus 👆).

Le principe est simple :
• Vos clients scannent un QR code ou une carte NFC
• Ils reçoivent immédiatement une récompense exclusive
• Ils reviennent plus souvent — sans appli à télécharger

🎁 Voir l'aperçu live du wallet : https://app.cartefidelavis.com/le-50-voltaire/demo/

Si ça vous parle, on peut en discuter en 10 minutes ✨

— L'équipe Fidelavis"
le-bateau-phare,LE BATEAU PHARE,le_bateau_phare,https://www.instagram.com/le_bateau_phare/,https://app.cartefidelavis.com/le-bateau-phare/demo/,https://app.cartefidelavis.com/le-bateau-phare/,,,"Bonjour LE BATEAU PHARE 👋

J'ai préparé une démonstration personnalisée du programme de fidélité Fidelavis pour votre établissement (la vidéo ci-dessus 👆).

Le principe est simple :
• Vos clients scannent un QR code ou une carte NFC
• Ils reçoivent immédiatement une récompense exclusive
• Ils reviennent plus souvent — sans appli à télécharger

🎁 Voir l'aperçu live du wallet : https://app.cartefidelavis.com/le-bateau-phare/demo/

Si ça vous parle, on peut en discuter en 10 minutes ✨

— L'équipe Fidelavis"
le-bouquet-d-alesia,Le Bouquet d'Alesia,lebouquetalesia,https://www.instagram.com/lebouquetalesia/,https://app.cartefidelavis.com/le-bouquet-d-alesia/demo/,https://app.cartefidelavis.com/le-bouquet-d-alesia/,mockups/le-bouquet-d-alesia-iphone.png,,"Bonjour Le Bouquet d'Alesia 👋

J'ai préparé une démonstration personnalisée du programme de fidélité Fidelavis pour votre établissement (la vidéo ci-dessus 👆).

Le principe est simple :
• Vos clients scannent un QR code ou une carte NFC
• Ils reçoivent immédiatement une récompense exclusive
• Ils reviennent plus souvent — sans appli à télécharger

🎁 Voir l'aperçu live du wallet : https://app.cartefidelavis.com/le-bouquet-d-alesia/demo/

Si ça vous parle, on peut en discuter en 10 minutes ✨

— L'équipe Fidelavis"
le-cedre,Le Cèdre,lecedre.paris,https://www.instagram.com/lecedre.paris/,https://app.cartefidelavis.com/le-cedre/demo/,https://app.cartefidelavis.com/le-cedre/,,,"Bonjour Le Cèdre 👋

J'ai préparé une démonstration personnalisée du programme de fidélité Fidelavis pour votre établissement (la vidéo ci-dessus 👆).

Le principe est simple :
• Vos clients scannent un QR code ou une carte NFC
• Ils reçoivent immédiatement une récompense exclusive
• Ils reviennent plus souvent — sans appli à télécharger

🎁 Voir l'aperçu live du wallet : https://app.cartefidelavis.com/le-cedre/demo/

Si ça vous parle, on peut en discuter en 10 minutes ✨

— L'équipe Fidelavis"
le-jackpot,Le Jackpot,restaurantjackpot,https://www.instagram.com/restaurantjackpot/,https://app.cartefidelavis.com/le-jackpot/demo/,https://app.cartefidelavis.com/le-jackpot/,,,"Bonjour Le Jackpot 👋

J'ai préparé une démonstration personnalisée du programme de fidélité Fidelavis pour votre établissement (la vidéo ci-dessus 👆).

Le principe est simple :
• Vos clients scannent un QR code ou une carte NFC
• Ils reçoivent immédiatement une récompense exclusive
• Ils reviennent plus souvent — sans appli à télécharger

🎁 Voir l'aperçu live du wallet : https://app.cartefidelavis.com/le-jackpot/demo/

Si ça vous parle, on peut en discuter en 10 minutes ✨

— L'équipe Fidelavis"
le-p-tit-piano,Le P'tit Piano,leptitpiano,https://www.instagram.com/leptitpiano/,https://app.cartefidelavis.com/le-p-tit-piano/demo/,https://app.cartefidelavis.com/le-p-tit-piano/,,,"Bonjour Le P'tit Piano 👋

J'ai préparé une démonstration personnalisée du programme de fidélité Fidelavis pour votre établissement (la vidéo ci-dessus 👆).

Le principe est simple :
• Vos clients scannent un QR code ou une carte NFC
• Ils reçoivent immédiatement une récompense exclusive
• Ils reviennent plus souvent — sans appli à télécharger

🎁 Voir l'aperçu live du wallet : https://app.cartefidelavis.com/le-p-tit-piano/demo/

Si ça vous parle, on peut en discuter en 10 minutes ✨

— L'équipe Fidelavis"
le-reminet,Le Reminet,lereminet,https://www.instagram.com/lereminet/,https://app.cartefidelavis.com/le-reminet/demo/,https://app.cartefidelavis.com/le-reminet/,,,"Bonjour Le Reminet 👋

J'ai préparé une démonstration personnalisée du programme de fidélité Fidelavis pour votre établissement (la vidéo ci-dessus 👆).

Le principe est simple :
• Vos clients scannent un QR code ou une carte NFC
• Ils reçoivent immédiatement une récompense exclusive
• Ils reviennent plus souvent — sans appli à télécharger

🎁 Voir l'aperçu live du wallet : https://app.cartefidelavis.com/le-reminet/demo/

Si ça vous parle, on peut en discuter en 10 minutes ✨

— L'équipe Fidelavis"
le-rey-restaurant-paris-11,Le Rey - Restaurant Paris 11,cafereyvoltaire,https://www.instagram.com/cafereyvoltaire/,https://app.cartefidelavis.com/le-rey-restaurant-paris-11/demo/,https://app.cartefidelavis.com/le-rey-restaurant-paris-11/,,,"Bonjour Le Rey - Restaurant Paris 11 👋

J'ai préparé une démonstration personnalisée du programme de fidélité Fidelavis pour votre établissement (la vidéo ci-dessus 👆).

Le principe est simple :
• Vos clients scannent un QR code ou une carte NFC
• Ils reçoivent immédiatement une récompense exclusive
• Ils reviennent plus souvent — sans appli à télécharger

🎁 Voir l'aperçu live du wallet : https://app.cartefidelavis.com/le-rey-restaurant-paris-11/demo/

Si ça vous parle, on peut en discuter en 10 minutes ✨

— L'équipe Fidelavis"
le-rigodon,Le Rigodon,lerigodon,https://www.instagram.com/lerigodon/,https://app.cartefidelavis.com/le-rigodon/demo/,https://app.cartefidelavis.com/le-rigodon/,,,"Bonjour Le Rigodon 👋

J'ai préparé une démonstration personnalisée du programme de fidélité Fidelavis pour votre établissement (la vidéo ci-dessus 👆).

Le principe est simple :
• Vos clients scannent un QR code ou une carte NFC
• Ils reçoivent immédiatement une récompense exclusive
• Ils reviennent plus souvent — sans appli à télécharger

🎁 Voir l'aperçu live du wallet : https://app.cartefidelavis.com/le-rigodon/demo/

Si ça vous parle, on peut en discuter en 10 minutes ✨

— L'équipe Fidelavis"
le-village-cafe,Le Village Café,levillagecafe_paris17,https://www.instagram.com/levillagecafe_paris17/,https://app.cartefidelavis.com/le-village-cafe/demo/,https://app.cartefidelavis.com/le-village-cafe/,mockups/le-village-cafe-iphone.png,,"Bonjour Le Village Café 👋

J'ai préparé une démonstration personnalisée du programme de fidélité Fidelavis pour votre établissement (la vidéo ci-dessus 👆).

Le principe est simple :
• Vos clients scannent un QR code ou une carte NFC
• Ils reçoivent immédiatement une récompense exclusive
• Ils reviennent plus souvent — sans appli à télécharger

🎁 Voir l'aperçu live du wallet : https://app.cartefidelavis.com/le-village-cafe/demo/

Si ça vous parle, on peut en discuter en 10 minutes ✨

— L'équipe Fidelavis"
les-acolytes,Les Acolytes,lesacolytes.bistrot,https://www.instagram.com/lesacolytes.bistrot/,https://app.cartefidelavis.com/les-acolytes/demo/,https://app.cartefidelavis.com/les-acolytes/,mockups/les-acolytes-iphone.png,,"Bonjour Les Acolytes 👋

J'ai préparé une démonstration personnalisée du programme de fidélité Fidelavis pour votre établissement (la vidéo ci-dessus 👆).

Le principe est simple :
• Vos clients scannent un QR code ou une carte NFC
• Ils reçoivent immédiatement une récompense exclusive
• Ils reviennent plus souvent — sans appli à télécharger

🎁 Voir l'aperçu live du wallet : https://app.cartefidelavis.com/les-acolytes/demo/

Si ça vous parle, on peut en discuter en 10 minutes ✨

— L'équipe Fidelavis"
les-frangines,Les Frangines,lesfrangines.paris14,https://www.instagram.com/lesfrangines.paris14/,https://app.cartefidelavis.com/les-frangines/demo/,https://app.cartefidelavis.com/les-frangines/,,,"Bonjour Les Frangines 👋

J'ai préparé une démonstration personnalisée du programme de fidélité Fidelavis pour votre établissement (la vidéo ci-dessus 👆).

Le principe est simple :
• Vos clients scannent un QR code ou une carte NFC
• Ils reçoivent immédiatement une récompense exclusive
• Ils reviennent plus souvent — sans appli à télécharger

🎁 Voir l'aperçu live du wallet : https://app.cartefidelavis.com/les-frangines/demo/

Si ça vous parle, on peut en discuter en 10 minutes ✨

— L'équipe Fidelavis"
les-mauvais-garcons,Les Mauvais Garçons,lesmauvaisgarconsparis,https://www.instagram.com/lesmauvaisgarconsparis/,https://app.cartefidelavis.com/les-mauvais-garcons/demo/,https://app.cartefidelavis.com/les-mauvais-garcons/,mockups/les-mauvais-garcons-iphone.png,,"Bonjour Les Mauvais Garçons 👋

J'ai préparé une démonstration personnalisée du programme de fidélité Fidelavis pour votre établissement (la vidéo ci-dessus 👆).

Le principe est simple :
• Vos clients scannent un QR code ou une carte NFC
• Ils reçoivent immédiatement une récompense exclusive
• Ils reviennent plus souvent — sans appli à télécharger

🎁 Voir l'aperçu live du wallet : https://app.cartefidelavis.com/les-mauvais-garcons/demo/

Si ça vous parle, on peut en discuter en 10 minutes ✨

— L'équipe Fidelavis"
les-ptits-gros,Les Ptits Gros,les_ptits_gros,https://www.instagram.com/les_ptits_gros/,https://app.cartefidelavis.com/les-ptits-gros/demo/,https://app.cartefidelavis.com/les-ptits-gros/,mockups/les-ptits-gros-iphone.png,,"Bonjour Les Ptits Gros 👋

J'ai préparé une démonstration personnalisée du programme de fidélité Fidelavis pour votre établissement (la vidéo ci-dessus 👆).

Le principe est simple :
• Vos clients scannent un QR code ou une carte NFC
• Ils reçoivent immédiatement une récompense exclusive
• Ils reviennent plus souvent — sans appli à télécharger

🎁 Voir l'aperçu live du wallet : https://app.cartefidelavis.com/les-ptits-gros/demo/

Si ça vous parle, on peut en discuter en 10 minutes ✨

— L'équipe Fidelavis"
les-sardignac,Les Sardignac,lessardignac,https://www.instagram.com/lessardignac/,https://app.cartefidelavis.com/les-sardignac/demo/,https://app.cartefidelavis.com/les-sardignac/,,,"Bonjour Les Sardignac 👋

J'ai préparé une démonstration personnalisée du programme de fidélité Fidelavis pour votre établissement (la vidéo ci-dessus 👆).

Le principe est simple :
• Vos clients scannent un QR code ou une carte NFC
• Ils reçoivent immédiatement une récompense exclusive
• Ils reviennent plus souvent — sans appli à télécharger

🎁 Voir l'aperçu live du wallet : https://app.cartefidelavis.com/les-sardignac/demo/

Si ça vous parle, on peut en discuter en 10 minutes ✨

— L'équipe Fidelavis"
little-cafe,Little Café,littlecafe.paris,https://www.instagram.com/littlecafe.paris/,https://app.cartefidelavis.com/little-cafe/demo/,https://app.cartefidelavis.com/little-cafe/,,,"Bonjour Little Café 👋

J'ai préparé une démonstration personnalisée du programme de fidélité Fidelavis pour votre établissement (la vidéo ci-dessus 👆).

Le principe est simple :
• Vos clients scannent un QR code ou une carte NFC
• Ils reçoivent immédiatement une récompense exclusive
• Ils reviennent plus souvent — sans appli à télécharger

🎁 Voir l'aperçu live du wallet : https://app.cartefidelavis.com/little-cafe/demo/

Si ça vous parle, on peut en discuter en 10 minutes ✨

— L'équipe Fidelavis"
lizard,LIZARD,lizardloungeparis,https://www.instagram.com/lizardloungeparis/,https://app.cartefidelavis.com/lizard/demo/,https://app.cartefidelavis.com/lizard/,mockups/lizard-iphone.png,,"Bonjour LIZARD 👋

J'ai préparé une démonstration personnalisée du programme de fidélité Fidelavis pour votre établissement (la vidéo ci-dessus 👆).

Le principe est simple :
• Vos clients scannent un QR code ou une carte NFC
• Ils reçoivent immédiatement une récompense exclusive
• Ils reviennent plus souvent — sans appli à télécharger

🎁 Voir l'aperçu live du wallet : https://app.cartefidelavis.com/lizard/demo/

Si ça vous parle, on peut en discuter en 10 minutes ✨

— L'équipe Fidelavis"
loui-s-corner,Loui's Corner,louis_corner_paris,https://www.instagram.com/louis_corner_paris/,https://app.cartefidelavis.com/loui-s-corner/demo/,https://app.cartefidelavis.com/loui-s-corner/,,,"Bonjour Loui's Corner 👋

J'ai préparé une démonstration personnalisée du programme de fidélité Fidelavis pour votre établissement (la vidéo ci-dessus 👆).

Le principe est simple :
• Vos clients scannent un QR code ou une carte NFC
• Ils reçoivent immédiatement une récompense exclusive
• Ils reviennent plus souvent — sans appli à télécharger

🎁 Voir l'aperçu live du wallet : https://app.cartefidelavis.com/loui-s-corner/demo/

Si ça vous parle, on peut en discuter en 10 minutes ✨

— L'équipe Fidelavis"
loulou,Loulou,loulou_restaurant,https://www.instagram.com/loulou_restaurant/,https://app.cartefidelavis.com/loulou/demo/,https://app.cartefidelavis.com/loulou/,mockups/loulou-iphone.png,,"Bonjour Loulou 👋

J'ai préparé une démonstration personnalisée du programme de fidélité Fidelavis pour votre établissement (la vidéo ci-dessus 👆).

Le principe est simple :
• Vos clients scannent un QR code ou une carte NFC
• Ils reçoivent immédiatement une récompense exclusive
• Ils reviennent plus souvent — sans appli à télécharger

🎁 Voir l'aperçu live du wallet : https://app.cartefidelavis.com/loulou/demo/

Si ça vous parle, on peut en discuter en 10 minutes ✨

— L'équipe Fidelavis"
madito,Madito,maditoparis,https://www.instagram.com/maditoparis/,https://app.cartefidelavis.com/madito/demo/,https://app.cartefidelavis.com/madito/,,,"Bonjour Madito 👋

J'ai préparé une démonstration personnalisée du programme de fidélité Fidelavis pour votre établissement (la vidéo ci-dessus 👆).

Le principe est simple :
• Vos clients scannent un QR code ou une carte NFC
• Ils reçoivent immédiatement une récompense exclusive
• Ils reviennent plus souvent — sans appli à télécharger

🎁 Voir l'aperçu live du wallet : https://app.cartefidelavis.com/madito/demo/

Si ça vous parle, on peut en discuter en 10 minutes ✨

— L'équipe Fidelavis"
marais-home-coffee,Marais Home Coffee,mhc.coffee,https://www.instagram.com/mhc.coffee/,https://app.cartefidelavis.com/marais-home-coffee/demo/,https://app.cartefidelavis.com/marais-home-coffee/,,,"Bonjour Marais Home Coffee 👋

J'ai préparé une démonstration personnalisée du programme de fidélité Fidelavis pour votre établissement (la vidéo ci-dessus 👆).

Le principe est simple :
• Vos clients scannent un QR code ou une carte NFC
• Ils reçoivent immédiatement une récompense exclusive
• Ils reviennent plus souvent — sans appli à télécharger

🎁 Voir l'aperçu live du wallet : https://app.cartefidelavis.com/marais-home-coffee/demo/

Si ça vous parle, on peut en discuter en 10 minutes ✨

— L'équipe Fidelavis"
maythai-restaurant-thailandais-brunch,Maythai - Restaurant Thaïlandais & Brunch,maythai_paris,https://www.instagram.com/maythai_paris/,https://app.cartefidelavis.com/maythai-restaurant-thailandais-brunch/demo/,https://app.cartefidelavis.com/maythai-restaurant-thailandais-brunch/,,,"Bonjour Maythai - Restaurant Thaïlandais & Brunch 👋

J'ai préparé une démonstration personnalisée du programme de fidélité Fidelavis pour votre établissement (la vidéo ci-dessus 👆).

Le principe est simple :
• Vos clients scannent un QR code ou une carte NFC
• Ils reçoivent immédiatement une récompense exclusive
• Ils reviennent plus souvent — sans appli à télécharger

🎁 Voir l'aperçu live du wallet : https://app.cartefidelavis.com/maythai-restaurant-thailandais-brunch/demo/

Si ça vous parle, on peut en discuter en 10 minutes ✨

— L'équipe Fidelavis"
miura,MIURA,miura_restaurant_paris,https://www.instagram.com/miura_restaurant_paris/,https://app.cartefidelavis.com/miura/demo/,https://app.cartefidelavis.com/miura/,mockups/miura-iphone.png,,"Bonjour MIURA 👋

J'ai préparé une démonstration personnalisée du programme de fidélité Fidelavis pour votre établissement (la vidéo ci-dessus 👆).

Le principe est simple :
• Vos clients scannent un QR code ou une carte NFC
• Ils reçoivent immédiatement une récompense exclusive
• Ils reviennent plus souvent — sans appli à télécharger

🎁 Voir l'aperçu live du wallet : https://app.cartefidelavis.com/miura/demo/

Si ça vous parle, on peut en discuter en 10 minutes ✨

— L'équipe Fidelavis"
motors-coffee,Motors Coffee,motorscoffee,https://www.instagram.com/motorscoffee/,https://app.cartefidelavis.com/motors-coffee/demo/,https://app.cartefidelavis.com/motors-coffee/,,,"Bonjour Motors Coffee 👋

J'ai préparé une démonstration personnalisée du programme de fidélité Fidelavis pour votre établissement (la vidéo ci-dessus 👆).

Le principe est simple :
• Vos clients scannent un QR code ou une carte NFC
• Ils reçoivent immédiatement une récompense exclusive
• Ils reviennent plus souvent — sans appli à télécharger

🎁 Voir l'aperçu live du wallet : https://app.cartefidelavis.com/motors-coffee/demo/

Si ça vous parle, on peut en discuter en 10 minutes ✨

— L'équipe Fidelavis"
nautilus,Nautilus,nautilusbarparis,https://www.instagram.com/nautilusbarparis/,https://app.cartefidelavis.com/nautilus/demo/,https://app.cartefidelavis.com/nautilus/,,,"Bonjour Nautilus 👋

J'ai préparé une démonstration personnalisée du programme de fidélité Fidelavis pour votre établissement (la vidéo ci-dessus 👆).

Le principe est simple :
• Vos clients scannent un QR code ou une carte NFC
• Ils reçoivent immédiatement une récompense exclusive
• Ils reviennent plus souvent — sans appli à télécharger

🎁 Voir l'aperçu live du wallet : https://app.cartefidelavis.com/nautilus/demo/

Si ça vous parle, on peut en discuter en 10 minutes ✨

— L'équipe Fidelavis"
o-jardin-secret,O'Jardin Secret,ojardinsecret,https://www.instagram.com/ojardinsecret/,https://app.cartefidelavis.com/o-jardin-secret/demo/,https://app.cartefidelavis.com/o-jardin-secret/,,,"Bonjour O'Jardin Secret 👋

J'ai préparé une démonstration personnalisée du programme de fidélité Fidelavis pour votre établissement (la vidéo ci-dessus 👆).

Le principe est simple :
• Vos clients scannent un QR code ou une carte NFC
• Ils reçoivent immédiatement une récompense exclusive
• Ils reviennent plus souvent — sans appli à télécharger

🎁 Voir l'aperçu live du wallet : https://app.cartefidelavis.com/o-jardin-secret/demo/

Si ça vous parle, on peut en discuter en 10 minutes ✨

— L'équipe Fidelavis"
origen-cafe-brunch,ORIGEN café brunch,origen.cafespecial,https://www.instagram.com/origen.cafespecial/,https://app.cartefidelavis.com/origen-cafe-brunch/demo/,https://app.cartefidelavis.com/origen-cafe-brunch/,,,"Bonjour ORIGEN café brunch 👋

J'ai préparé une démonstration personnalisée du programme de fidélité Fidelavis pour votre établissement (la vidéo ci-dessus 👆).

Le principe est simple :
• Vos clients scannent un QR code ou une carte NFC
• Ils reçoivent immédiatement une récompense exclusive
• Ils reviennent plus souvent — sans appli à télécharger

🎁 Voir l'aperçu live du wallet : https://app.cartefidelavis.com/origen-cafe-brunch/demo/

Si ça vous parle, on peut en discuter en 10 minutes ✨

— L'équipe Fidelavis"
ostra-paris-restaurant-oyster-bar-a-huitres-sea-food,Ostra Paris - Restaurant Oyster Bar à huîtres sea food,ostra_paris,https://www.instagram.com/ostra_paris/,https://app.cartefidelavis.com/ostra-paris-restaurant-oyster-bar-a-huitres-sea-food/demo/,https://app.cartefidelavis.com/ostra-paris-restaurant-oyster-bar-a-huitres-sea-food/,,,"Bonjour Ostra Paris - Restaurant Oyster Bar à huîtres sea food 👋

J'ai préparé une démonstration personnalisée du programme de fidélité Fidelavis pour votre établissement (la vidéo ci-dessus 👆).

Le principe est simple :
• Vos clients scannent un QR code ou une carte NFC
• Ils reçoivent immédiatement une récompense exclusive
• Ils reviennent plus souvent — sans appli à télécharger

🎁 Voir l'aperçu live du wallet : https://app.cartefidelavis.com/ostra-paris-restaurant-oyster-bar-a-huitres-sea-food/demo/

Si ça vous parle, on peut en discuter en 10 minutes ✨

— L'équipe Fidelavis"
p-tit-coco-neuilly,P'tit Coco Neuilly,ptitcoconeuilly,https://www.instagram.com/ptitcoconeuilly/,https://app.cartefidelavis.com/p-tit-coco-neuilly/demo/,https://app.cartefidelavis.com/p-tit-coco-neuilly/,,,"Bonjour P'tit Coco Neuilly 👋

J'ai préparé une démonstration personnalisée du programme de fidélité Fidelavis pour votre établissement (la vidéo ci-dessus 👆).

Le principe est simple :
• Vos clients scannent un QR code ou une carte NFC
• Ils reçoivent immédiatement une récompense exclusive
• Ils reviennent plus souvent — sans appli à télécharger

🎁 Voir l'aperçu live du wallet : https://app.cartefidelavis.com/p-tit-coco-neuilly/demo/

Si ça vous parle, on peut en discuter en 10 minutes ✨

— L'équipe Fidelavis"
paname-coffee-shop,Paname Coffee Shop,panamecoffeeshop,https://www.instagram.com/panamecoffeeshop/,https://app.cartefidelavis.com/paname-coffee-shop/demo/,https://app.cartefidelavis.com/paname-coffee-shop/,,,"Bonjour Paname Coffee Shop 👋

J'ai préparé une démonstration personnalisée du programme de fidélité Fidelavis pour votre établissement (la vidéo ci-dessus 👆).

Le principe est simple :
• Vos clients scannent un QR code ou une carte NFC
• Ils reçoivent immédiatement une récompense exclusive
• Ils reviennent plus souvent — sans appli à télécharger

🎁 Voir l'aperçu live du wallet : https://app.cartefidelavis.com/paname-coffee-shop/demo/

Si ça vous parle, on peut en discuter en 10 minutes ✨

— L'équipe Fidelavis"
parenthese-eat-drink,Parenthèse Eat & Drink,parenthesebrunch,https://www.instagram.com/parenthesebrunch/,https://app.cartefidelavis.com/parenthese-eat-drink/demo/,https://app.cartefidelavis.com/parenthese-eat-drink/,,,"Bonjour Parenthèse Eat & Drink 👋

J'ai préparé une démonstration personnalisée du programme de fidélité Fidelavis pour votre établissement (la vidéo ci-dessus 👆).

Le principe est simple :
• Vos clients scannent un QR code ou une carte NFC
• Ils reçoivent immédiatement une récompense exclusive
• Ils reviennent plus souvent — sans appli à télécharger

🎁 Voir l'aperçu live du wallet : https://app.cartefidelavis.com/parenthese-eat-drink/demo/

Si ça vous parle, on peut en discuter en 10 minutes ✨

— L'équipe Fidelavis"
princesse,Princesse,princessecafe,https://www.instagram.com/princessecafe/,https://app.cartefidelavis.com/princesse/demo/,https://app.cartefidelavis.com/princesse/,mockups/princesse-iphone.png,,"Bonjour Princesse 👋

J'ai préparé une démonstration personnalisée du programme de fidélité Fidelavis pour votre établissement (la vidéo ci-dessus 👆).

Le principe est simple :
• Vos clients scannent un QR code ou une carte NFC
• Ils reçoivent immédiatement une récompense exclusive
• Ils reviennent plus souvent — sans appli à télécharger

🎁 Voir l'aperçu live du wallet : https://app.cartefidelavis.com/princesse/demo/

Si ça vous parle, on peut en discuter en 10 minutes ✨

— L'équipe Fidelavis"
sezam-cafe,SEZAM CAFE,sezamcafeparis,https://www.instagram.com/sezamcafeparis/,https://app.cartefidelavis.com/sezam-cafe/demo/,https://app.cartefidelavis.com/sezam-cafe/,,,"Bonjour SEZAM CAFE 👋

J'ai préparé une démonstration personnalisée du programme de fidélité Fidelavis pour votre établissement (la vidéo ci-dessus 👆).

Le principe est simple :
• Vos clients scannent un QR code ou une carte NFC
• Ils reçoivent immédiatement une récompense exclusive
• Ils reviennent plus souvent — sans appli à télécharger

🎁 Voir l'aperçu live du wallet : https://app.cartefidelavis.com/sezam-cafe/demo/

Si ça vous parle, on peut en discuter en 10 minutes ✨

— L'équipe Fidelavis"
t-cup,T'Cup,tcupparis,https://www.instagram.com/tcupparis/,https://app.cartefidelavis.com/t-cup/demo/,https://app.cartefidelavis.com/t-cup/,mockups/t-cup-iphone.png,,"Bonjour T'Cup 👋

J'ai préparé une démonstration personnalisée du programme de fidélité Fidelavis pour votre établissement (la vidéo ci-dessus 👆).

Le principe est simple :
• Vos clients scannent un QR code ou une carte NFC
• Ils reçoivent immédiatement une récompense exclusive
• Ils reviennent plus souvent — sans appli à télécharger

🎁 Voir l'aperçu live du wallet : https://app.cartefidelavis.com/t-cup/demo/

Si ça vous parle, on peut en discuter en 10 minutes ✨

— L'équipe Fidelavis"
ter,Ter.,terparis11,https://www.instagram.com/terparis11/,https://app.cartefidelavis.com/ter/demo/,https://app.cartefidelavis.com/ter/,mockups/ter-iphone.png,,"Bonjour Ter. 👋

J'ai préparé une démonstration personnalisée du programme de fidélité Fidelavis pour votre établissement (la vidéo ci-dessus 👆).

Le principe est simple :
• Vos clients scannent un QR code ou une carte NFC
• Ils reçoivent immédiatement une récompense exclusive
• Ils reviennent plus souvent — sans appli à télécharger

🎁 Voir l'aperçu live du wallet : https://app.cartefidelavis.com/ter/demo/

Si ça vous parle, on peut en discuter en 10 minutes ✨

— L'équipe Fidelavis"
terre-restaurant,Terre Restaurant,terre.restaurant,https://www.instagram.com/terre.restaurant/,https://app.cartefidelavis.com/terre-restaurant/demo/,https://app.cartefidelavis.com/terre-restaurant/,mockups/terre-restaurant-iphone.png,,"Bonjour Terre Restaurant 👋

J'ai préparé une démonstration personnalisée du programme de fidélité Fidelavis pour votre établissement (la vidéo ci-dessus 👆).

Le principe est simple :
• Vos clients scannent un QR code ou une carte NFC
• Ils reçoivent immédiatement une récompense exclusive
• Ils reviennent plus souvent — sans appli à télécharger

🎁 Voir l'aperçu live du wallet : https://app.cartefidelavis.com/terre-restaurant/demo/

Si ça vous parle, on peut en discuter en 10 minutes ✨

— L'équipe Fidelavis"
touch-in-paris,Touch In Paris,letouchinparis,https://www.instagram.com/letouchinparis/,https://app.cartefidelavis.com/touch-in-paris/demo/,https://app.cartefidelavis.com/touch-in-paris/,,,"Bonjour Touch In Paris 👋

J'ai préparé une démonstration personnalisée du programme de fidélité Fidelavis pour votre établissement (la vidéo ci-dessus 👆).

Le principe est simple :
• Vos clients scannent un QR code ou une carte NFC
• Ils reçoivent immédiatement une récompense exclusive
• Ils reviennent plus souvent — sans appli à télécharger

🎁 Voir l'aperçu live du wallet : https://app.cartefidelavis.com/touch-in-paris/demo/

Si ça vous parle, on peut en discuter en 10 minutes ✨

— L'équipe Fidelavis"
visconti,Visconti,visconti_paris,https://www.instagram.com/visconti_paris/,https://app.cartefidelavis.com/visconti/demo/,https://app.cartefidelavis.com/visconti/,,,"Bonjour Visconti 👋

J'ai préparé une démonstration personnalisée du programme de fidélité Fidelavis pour votre établissement (la vidéo ci-dessus 👆).

Le principe est simple :
• Vos clients scannent un QR code ou une carte NFC
• Ils reçoivent immédiatement une récompense exclusive
• Ils reviennent plus souvent — sans appli à télécharger

🎁 Voir l'aperçu live du wallet : https://app.cartefidelavis.com/visconti/demo/

Si ça vous parle, on peut en discuter en 10 minutes ✨

— L'équipe Fidelavis"
yolo-suresnes,YOLO Suresnes,yolo.suresnes,https://www.instagram.com/yolo.suresnes/,https://app.cartefidelavis.com/yolo-suresnes/demo/,https://app.cartefidelavis.com/yolo-suresnes/,,,"Bonjour YOLO Suresnes 👋

J'ai préparé une démonstration personnalisée du programme de fidélité Fidelavis pour votre établissement (la vidéo ci-dessus 👆).

Le principe est simple :
• Vos clients scannent un QR code ou une carte NFC
• Ils reçoivent immédiatement une récompense exclusive
• Ils reviennent plus souvent — sans appli à télécharger

🎁 Voir l'aperçu live du wallet : https://app.cartefidelavis.com/yolo-suresnes/demo/

Si ça vous parle, on peut en discuter en 10 minutes ✨

— L'équipe Fidelavis"
